<?xml version="1.0" encoding="UTF-8"?>
<jcr:root xmlns:sling="http://sling.apache.org/jcr/sling/1.0" xmlns:jcr="http://www.jcp.org/jcr/1.0"
    jcr:primaryType="sling:OrderedFolder"
    lcFolder="{Long}0">
    <_x0033_dPDF.pdf/>
    <Acrobat.pdf/>
    <Acroform-signed.pdf/>
    <AcroForm.pdf/>
    <Acroform_certify.pdf/>
    <Certificate-encryptAll.pdf/>
    <Certified_InVis_Test2.pdf/>
    <passwordOpen-encryptAll.pdf/>
    <timesheet.pdf/>
    <TraumaticBrainInjury.pdf/>
    <XFA-Static-Shell.pdf/>
</jcr:root>
