<?xml version="1.0" encoding="UTF-8"?>
<jcr:root xmlns:sling="http://sling.apache.org/jcr/sling/1.0" xmlns:jcr="http://www.jcp.org/jcr/1.0"
    jcr:primaryType="sling:OrderedFolder"
    lcFolder="{Long}0">
    <back-img.png/>
    <backButton.png/>
    <backButtonBack.png/>
    <backButtonBrdr.png/>
    <blueButton.png/>
    <cancel.png/>
    <grayButton.png/>
    <listArrow.png/>
    <listArrowSel.png/>
    <listGroup.png/>
    <loading.gif/>
    <pinstripes.png/>
    <redButton.png/>
    <selection.png/>
    <thumb.png/>
    <title-img.png/>
    <toggle.png/>
    <toggleOn.png/>
    <toolButton.png/>
    <toolbar.png/>
    <whiteButton.png/>
</jcr:root>
