<?xml version="1.0" encoding="UTF-8"?>
<jcr:root xmlns:sling="http://sling.apache.org/jcr/sling/1.0" xmlns:jcr="http://www.jcp.org/jcr/1.0"
    jcr:primaryType="sling:OrderedFolder"
    lcFolder="{Long}0">
    <ui-anim_basic_16x16.gif/>
    <ui-bg_diagonal-maze_20_6e4f1c_10x10.png/>
    <ui-bg_diagonal-maze_40_000000_10x10.png/>
    <ui-bg_fine-grain_10_eceadf_60x60.png/>
    <ui-bg_fine-grain_10_f8f7f6_60x60.png/>
    <ui-bg_fine-grain_15_eceadf_60x60.png/>
    <ui-bg_fine-grain_15_f7f3de_60x60.png/>
    <ui-bg_fine-grain_15_ffffff_60x60.png/>
    <ui-bg_fine-grain_65_654b24_60x60.png/>
    <ui-bg_fine-grain_68_b83400_60x60.png/>
    <ui-icons_222222_256x240.png/>
    <ui-icons_3572ac_256x240.png/>
    <ui-icons_8c291d_256x240.png/>
    <ui-icons_b83400_256x240.png/>
    <ui-icons_fbdb93_256x240.png/>
    <ui-icons_ffffff_256x240.png/>
</jcr:root>
