<?xml version="1.0" encoding="UTF-8"?>
<jcr:root xmlns:sling="http://sling.apache.org/jcr/sling/1.0" xmlns:jcr="http://www.jcp.org/jcr/1.0"
    jcr:primaryType="sling:OrderedFolder"
    lcFolder="{Long}0">
    <frg_Ford_Arbitatration.xdp/>
    <frg_Ford_BalloonContractProvisions.xdp/>
    <frg_Ford_FormHeader.xdp/>
    <frg_Ford_FTCNotices.xdp/>
    <frg_Ford_ItemizationOfAmountFinanced.xdp/>
    <frg_Ford_LegalStatements.xdp/>
    <frg_Ford_Rates.xdp/>
    <LCF-710-R-02314PMd.xdp/>
    <frg_Ford_LowerDetails.xdp/>
</jcr:root>
