<?xml version="1.0" encoding="UTF-8"?>
<jcr:root xmlns:sling="http://sling.apache.org/jcr/sling/1.0" xmlns:jcr="http://www.jcp.org/jcr/1.0" xmlns:rep="internal"
    jcr:mixinTypes="[rep:AccessControllable]"
    jcr:primaryType="sling:OrderedFolder"
    syncComplete="{Long}0">
    <DefaultApplication/>
    <rep:policy/>
    <temp_archive_storage/>
    <LaunchPad_x0020__x0028_system_x0029_/>
    <LaunchPad_x0020_Assets_x0020__x0028_system_x0029_/>
    <Process_x0020_Management_x0020_Email_x0020__x0028_system_x0029_/>
    <Process_x0020_Management_x0020__x0028_system_x0029_/>
    <Guides_x0020__x0028_system_x0029_/>
    <Guides_x0020_Mobile_x0020__x0028_system_x0029_/>
    <Mobile_x0020__x0028_system_x0029_/>
    <Adobe_x0020_Navigators_x0020__x0028_system_x0029_/>
    <CorrespondenceManagement/>
    <FinancialServices-Insurance/>
    <MultiUserserviceBATApp/>
    <SeleniumTestApp/>
    <WSNext/>
    <WSSample/>
    <MyApplication/>
    <FM_Application/>
    <App4/>
    <App2/>
    <Null_App/>
    <App3/>
    <App1/>
    <PDFApp/>
    <MobileFormsApp/>
    <MyApp2/>
    <Sample_x0020_Setup_x0020_Utility/>
    <FirstAppSolution/>
    <MyTestApplication/>
</jcr:root>
